<?xml version="1.0" encoding="UTF-8"?>
<signos>
    <signo>
        <dataInicio>21/03</dataInicio>
        <dataFim>20/04</dataFim>
        <signoNome>Áries</signoNome>
        <descricao>Corajoso, determinado e cheio de energia.</descricao>
    </signo>
    <signo>
        <dataInicio>21/04</dataInicio>
        <dataFim>20/05</dataFim>
        <signoNome>Touro</signoNome>
        <descricao>Paciente, confiável e amante do conforto.</descricao>
    </signo>
    <signo>
        <dataInicio>21/05</dataInicio>
        <dataFim>20/06</dataFim>
        <signoNome>Gêmeos</signoNome>
        <descricao>Comunicativo, versátil e curioso.</descricao>
    </signo>
    <signo>
        <dataInicio>21/06</dataInicio>
        <dataFim>22/07</dataFim>
        <signoNome>Câncer</signoNome>
        <descricao>Emotivo, protetor e intuitivo.</descricao>
    </signo>
    <signo>
        <dataInicio>23/07</dataInicio>
        <dataFim>22/08</dataFim>
        <signoNome>Leão</signoNome>
        <descricao>Confiante, generoso e dramático.</descricao>
    </signo>
    <signo>
        <dataInicio>23/08</dataInicio>
        <dataFim>22/09</dataFim> <!-- Corrigido aqui -->
        <signoNome>Virgem</signoNome>
        <descricao>Analítico, prático e perfeccionista.</descricao>
    </signo>
    <signo>
        <dataInicio>23/09</dataInicio>
        <dataFim>22/10</dataFim>
        <signoNome>Libra</signoNome>
        <descricao>Diplomático, sociável e indeciso.</descricao>
    </signo>
    <signo>
        <dataInicio>23/10</dataInicio>
        <dataFim>21/11</dataFim>
        <signoNome>Escorpião</signoNome>
        <descricao>Intenso, misterioso e determinado.</descricao>
    </signo>
    <signo>
        <dataInicio>22/11</dataInicio>
        <dataFim>21/12</dataFim>
        <signoNome>Sagitário</signoNome>
        <descricao>Aventureiro, otimista e direto.</descricao>
    </signo>
    <signo>
        <dataInicio>22/12</dataInicio>
        <dataFim>19/01</dataFim>
        <signoNome>Capricórnio</signoNome>
        <descricao>Ambicioso, disciplinado e reservado.</descricao>
    </signo>
    <signo>
        <dataInicio>20/01</dataInicio>
        <dataFim>18/02</dataFim>
        <signoNome>Aquário</signoNome>
        <descricao>Original, idealista e independente.</descricao>
    </signo>
    <signo>
        <dataInicio>19/02</dataInicio>
        <dataFim>20/03</dataFim>
        <signoNome>Peixes</signoNome>
        <descricao>Sensível, sonhador e empático.</descricao>
    </signo>
</signos>
